{
    "all_vNd_diff_n": [
        [
            0.0,
            0.2423010407578323,
            0.42277296107358836,
            0.5487053348852532,
            0.6519853866632893,
            0.7292852460720812
        ]
    ],
    "all_pur_diff_n": [
        [
            1.0,
            0.8073881125833262,
            0.6423328303249514,
            0.5204244918498978,
            0.4225643343844654,
            0.350018650960939
        ]
    ],
    "all_R2d_diff_n": [
        [
            -0.0,
            0.10288858304772396,
            0.2128690196186823,
            0.31407974537961453,
            0.41425236332856047,
            0.5048320986271133
        ]
    ]
}