{
    "all_pur_diff_n": [
        1.0,
        0.3908001902855222,
        0.13852929803741834,
        0.04923817257253994,
        0.01796306977074441,
        0.007201226840444915,
        0.0033470801975184223,
        0.0019290205100636671,
        0.0013852741815981217,
        0.0011637698067980783,
        0.0010682180754062087,
        0.0010225705332652392,
        0.0010006658802427634,
        0.0009890202643347622,
        0.0009830367311073752,
        0.0009798986455934419
    ],
    "all_R2d_diff_n": [
        -0.0,
        0.13554969251145535,
        0.285173696580958,
        0.43440789711988553,
        0.5798822271511561,
        0.7117541571739425,
        0.8222881165613746,
        0.901791580192316,
        0.9495612733453681,
        0.9746978562698689,
        0.9870578083151015,
        0.9933583926108808,
        0.9964823942239077,
        0.9981712298448014,
        0.999046705576444,
        0.9995079845690645
    ]
}
