{
    "all_pur_diff_n": [
        1.0,
        0.3908001902855222,
        0.13852929803741834,
        0.04923817257253994,
        0.01796306977074441,
        0.007201226840444915
    ],
    "all_R2d_diff_n": [
        -0.0,
        0.13554969251145535,
        0.285173696580958,
        0.43440789711988553,
        0.5798822271511561,
        0.7117541571739425
    ]
}
