{
    "all_pur_diff_n": [
        1.0,
        0.35218197059806367,
        0.1143980706905704,
        0.036116255022407465,
        0.011928629827924437,
        0.0042948972140674615,
         0.0018136069724141177,
        0.0009881316291562952,
        0.0006964819710664674,
        0.0005804309004613244,
        0.0005317620704707736,
        0.0005092148966916351,
        0.0004989094651733702,
        0.0004937675447355533,
        0.0004910929293268516,
        0.0004897060036282163
    ],
    "all_R2d_diff_n": [
        -0.0,
        0.1368733673028009,
        0.2843513975855264,
        0.4355643532335595,
        0.5808570773802457,
        0.7148327890558994,
        0.827902040183393,
        0.9075462857567641,
        0.9534205792210609,
        0.9773261866537808,
        0.9888119548406817,
        0.9944943413413475,
        0.9971758490481211,
        0.9985345789158697,
        0.9992469389587736,
        0.9996178633132985
    ]
}
