{
    "all_pur_diff_n": [
        1.0,
        0.35218197059806367,
        0.1143980706905704,
        0.036116255022407465,
        0.011928629827924437,
        0.0042948972140674615
    ],
    "all_R2d_diff_n": [
        -0.0,
        0.1368733673028009,
        0.2843513975855264,
        0.4355643532335595,
        0.5808570773802457,
        0.7148327890558994
    ]
}
