{
    "all_pur_diff_n": [
        1.0,
        0.3171831019419284,
        0.09026677594166065,
        0.02553782703808735,
        0.00756279888538074,
        0.0024583860866475636,
         0.0009627736914371355,
        0.0004978981858965819,
        0.00034285897575904835,
        0.0002851362121792367,
        0.00026184590702273705,
        0.0002520641498563082,
        0.000247672555911482,
        0.00024571020620533303,
        0.0002448325066262447,
        0.0002444502350687644
    ],
    "all_R2d_diff_n": [
        -0.0,
        0.1380510151633423,
        0.28913842584994504,
        0.44093503462559486,
        0.587238669189334,
        0.7223393981330292,
        0.8350429716664047,
        0.9143218017190217,
        0.9591747573592432,
        0.98133842558113,
        0.9915828604753448,
        0.9961601196580276,
        0.9982731970158908,
        0.9992295495463246,
        0.9996597717431812,
        0.9998476322396002
    ]
}
