{
    "all_pur_diff_n": [
        1.0,
        0.3171831019419284,
        0.09026677594166065,
        0.02553782703808735,
        0.00756279888538074,
        0.0024583860866475636
    ],
    "all_R2d_diff_n": [
        -0.0,
        0.1380510151633423,
        0.28913842584994504,
        0.44093503462559486,
        0.587238669189334,
        0.7223393981330292
    ]
}
