{
    "all_pur_diff_n": [
        1.0,
        0.2858697763469305,
        0.07225390670622024,
        0.018009314815877944,
        0.004776809508418942,
        0.001401755170023038,
        0.0005118690539734888,
        0.0002580203522526711,
        0.00017436185405278354,
        0.00014444191937875562,
        0.00013216534815503115,
        0.0001267442520729846,
        0.00012422237175741625,
        0.00012306142819114535,
        0.00012252897781591147,
        0.0001222837117277549
    ],
    "all_R2d_diff_n": [
        -0.0,
        0.13896692278055062,
        0.29159850729075987,
        0.4457779151077359,
        0.5930566876226198,
        0.7291192226021957,
        0.8409182762678894,
        0.916940577832584,
        0.9604329176895485,
        0.9813248371650988,
        0.9911821851480075,
        0.9958301583010155,
        0.9980605662499152,
        0.9991025952756178,
        0.9995837996904259,
        0.9998061639101431
    ]
}
