{
    "all_pur_diff_n": [
        1.0,
        0.2858697763469305,
        0.07225390670622024,
        0.018009314815877944,
        0.004776809508418942,
        0.001401755170023038
    ],
    "all_R2d_diff_n": [
        -0.0,
        0.13896692278055062,
        0.29159850729075987,
        0.4457779151077359,
        0.5930566876226198,
        0.7291192226021957
    ]
}
