{
    "all_pur_diff_n": [
        1.0,
        0.2586660840721772,
        0.058867990465172784,
        0.013403047751618675,
        0.0032528843538404423,
        0.0008816786796542891,
        0.00029496383019952927,
        0.0001374944178112903,
        8.889499974286756e-05,
        7.194036666982233e-05,
        6.552611691828252e-05,
        6.294277906636807e-05,
        6.186605380550754e-05,
        6.140954946528648e-05,
        6.120780795880335e-05,
        6.111787023297026e-05
    ],
    "all_R2d_diff_n": [
        -0.0,
        0.13934551375566712,
        0.2918837721100437,
        0.4443782209895511,
        0.590290339421048,
        0.7248185290000656,
        0.8376553088591164,
        0.916309952303828,
        0.9612527288064353,
        0.9830599258380887,
        0.9926836024551778,
        0.9968285425812866,
        0.9986066043889447,
        0.9993698182665117,
        0.9997089123389566,
        0.9998604431147701
    ]
}
