{
    "all_pur_diff_n": [
        1.0,
        0.2586660840721772,
        0.058867990465172784,
        0.013403047751618675,
        0.0032528843538404423,
        0.0008816786796542891
    ],
    "all_R2d_diff_n": [
        -0.0,
        0.13934551375566712,
        0.2918837721100437,
        0.4443782209895511,
        0.590290339421048,
        0.7248185290000656
    ]
}
