{
    "all_pur_diff_n": [
        1.0,
        0.22999032145979043,
        0.045763042681521725,
        0.009218450832224383,
        0.0020528210789286586,
        0.0005239939979655052,
        0.0001504187681544843,
        6.765489185701998e-05,
        4.410032385384482e-05,
        3.612033609452049e-05,
        3.303664938155671e-05,
        3.1722706556446325e-05,
        3.1123367856421715e-05,
        3.083284288444989e-05,
        3.068285177253019e-05,
        3.060621000781403e-05
    ],
    "all_R2d_diff_n": [
        -0.0,
        0.14135699629879275,
        0.2966448808619458,
        0.45075066397686586,
        0.5952117596705517,
        0.7265441395261115,
        0.8465818528240183,
        0.9234297480602993,
        0.9645900816054751,
        0.98378861049908,
        0.9923715400134464,
        0.9962749739022764,
        0.9981094861189449,
        0.9990115038578973,
        0.9994805264130356,
        0.9997210712417621
    ]
}
