{
    "all_pur_diff_n": [
        1.0,
        0.22999032145979043,
        0.045763042681521725,
        0.009218450832224383,
        0.0020528210789286586,
        0.0005239939979655052
    ],
    "all_R2d_diff_n": [
        -0.0,
        0.14135699629879275,
        0.2966448808619458,
        0.45075066397686586,
        0.5952117596705517,
        0.7265441395261115
    ]
}
