{
    "all_pur_diff_n": [
        1.0,
        0.20924914185042628,
        0.03795376531781934,
        0.006850387758065358,
        0.0013333375033260312,
        0.00029204262659771887
    ],
    "all_R2d_diff_n": [
        -0.0,
        0.14104414929511808,
        0.29497582313242326,
        0.44934991451486334,
        0.5969213920855913,
        0.7338458386893928
    ]
}
