{
    "all_pur_diff_n": [
        1.0,
        0.18730654071610464,
        0.02973736750548137,
        0.0047540819654344375,
        0.0008003144981308171,
        0.0001537858079607511
    ],
    "all_R2d_diff_n": [
        -0.0,
        0.14214863621964127,
        0.29832819123659493,
        0.4539186769158157,
        0.6051261961696517,
        0.7451052946135442
    ]
}
