{
    "all_pur_diff_n": [
        0.6903181425271455
    ],
    "all_R2d_diff_n": [
        0.2673333470303413
    ]
}
