{
    "all_VnD_diff_n": [
        0.0,
        0.19793033396257473,
        0.33159019536685874,
        0.4368521117831997,
        0.5274123733167293,
        0.6031939286899008,
        0.6595377004815363,
        0.712766185811327,
        0.7548328764845923,
        0.7914456334139337,
        0.8216224487877298,
        0.8473000499671144,
        0.8695249307034698,
        0.888206458951686,
        0.9037878487395861,
        0.9176797488905999
    ],
    "all_pur_diff_n": [
        1.0,
        0.8931151686595884,
        0.799814667205939,
        0.7195091977911532,
        0.6466970468508006,
        0.5837178711675752,
        0.5360218102692511,
        0.49049010596789144,
        0.45431643687582973,
        0.4227935495691665,
        0.39683550187330846,
        0.3748419910338705,
        0.3559027637615014,
        0.34008089432516925,
        0.3269788693430268,
        0.3153778786192774
    ],
    "all_R2d_diff_n": [
        -0.0,
        0.08154093483161531,
        0.16113117849303518,
        0.2374574826107431,
        0.31441903628467577,
        0.38832842814416746,
        0.4498181954910315,
        0.5138520298993271,
        0.5691152963859369,
        0.6209873643761507,
        0.6666934981833088,
        0.7078227586945974,
        0.7452224793767712,
        0.7780250684381179,
        0.8063653443817544,
        0.8324233126957623
    ]
}
