{
    "all_pur_diff_n": [
        0.8791887359269384,
        0.7757431588861188,
        0.6886067084903302,
        0.6107635033163481,
        0.5450188996502847,
        0.49732642827335183,
        0.45209835974487406,
        0.41744964292355247,
        0.3879057632135026
    ],
    "all_R2d_diff_n": [
        0.09287759606901634,
        0.1831745129489525,
        0.26912392950023195,
        0.3556571198124987,
        0.43781091785763765,
        0.5038674979443137,
        0.5726457057267461,
        0.6301629597715078,
        0.6831109421878364
    ]
}
