{
    "all_pur_diff_n": [
        1.0,
        0.7863775018697431,
        0.6053577653462265,
        0.4787990557035505,
        0.3799638252919275,
        0.30940206916371443,
        0.25819785196869977,
        0.22225418305060585,
        0.19573473654415277,
        0.17716228986588778
    ],
    "all_R2d_diff_n": [
        -0.0,
        0.11556868262831005,
        0.2413800234284265,
        0.35416926263775816,
        0.46535534084389774,
        0.5641484166235944,
        0.651150365479404,
        0.7232391741944645,
        0.7843427615981283,
        0.8322855150816818
    ]
}
