{
    "all_VnD_diff_n": [
        0.0,
        0.24230104075783246,
        0.42277296107358847,
        0.5487053348852533,
        0.6519853866632889,
        0.7292852460720812,
        0.7883083128894061,
        0.8351174526608934,
        0.8718712529271452,
        0.9006583235010961,
        0.9228683422417818,
        0.9397052408964086,
        0.9536778712629862,
        0.964318268808574,
        0.9723079097885026,
        0.9788240493841416
    ],
    "all_pur_diff_n": [
        1.0,
        0.8073881125833263,
        0.6423328303249516,
        0.520424491849898,
        0.4225643343844655,
        0.35001865096093915,
        0.2954629761527495,
        0.2536699279696287,
        0.22177762277004304,
        0.19766697964290322,
        0.179745335692538,
        0.16664302109574597,
        0.15609737549124242,
        0.14835413118690094,
        0.14272296961175562,
        0.13825021214503516
    ],
    "all_R2d_diff_n": [
        -0.0,
        0.1028885830477239,
        0.2128690196186821,
        0.31407974537961436,
        0.41425236332856036,
        0.5048320986271131,
        0.5863169114184713,
        0.6596585312590258,
        0.7242714297047302,
        0.7796187355142002,
        0.8253245869997211,
        0.8617223984431001,
        0.8931606046007201,
        0.9176276643594945,
        0.9362368521006487,
        0.951548800203086
    ]
}
