{
    "all_pur_diff_n": [
        0.7863775018697431,
        0.6081130476239269,
        0.48146112501333627,
        0.38307593267496914,
        0.3127425820557936,
        0.2620171171647616,
        0.22465207491193004,
        0.19710345234811322,
        0.17703050430716058,
        0.1627154585249815,
        0.15265593218773257,
        0.1448400358404654,
        0.13932833624580132,
        0.1354843236620653,
        0.1325283768100855
    ],
    "all_R2d_diff_n": [
        0.11556868262831005,
        0.2391961835607471,
        0.3515029269178469,
        0.4614325685923409,
        0.5589841431291716,
        0.6440890103519014,
        0.7180785693567263,
        0.7809916829623588,
        0.8326433736339315,
        0.8731922588011853,
        0.9038814804433347,
        0.9291558853225697,
        0.9478131318089577,
        0.9612673873348662,
        0.9718755980265811
    ]
}
