{
    "all_VnD_diff_n": [
        0.0,
        0.26557577019971657,
        0.4563020664961177,
        0.598088843011443,
        0.7107369741698403,
        0.7939376369056268,
        0.8529509086978811,
        0.8966101802076882,
        0.9268319848341968,
        0.9479728451734512,
        0.9630817799682326,
        0.9735938333885593,
        0.9812835221155151,
        0.9868566014139284,
        0.9907888090122867,
        0.9935881148352894
    ],
    "all_pur_diff_n": [
        1.0,
        0.7288685410886313,
        0.5272397505171171,
        0.38356727946880936,
        0.2782738430960623,
        0.2059590491462866,
        0.15819116800360375,
        0.12546047874893396,
        0.10434824540548361,
        0.09054108839325102,
        0.08131628960447755,
        0.07531193311404731,
        0.07116522607004891,
        0.06834149757226805,
        0.0664469762038883,
        0.06516253637184581
    ],
    "all_R2d_diff_n": [
        -0.0,
        0.1140673654272739,
        0.23086723760726177,
        0.34561210990074537,
        0.46135569720941566,
        0.5698926450330465,
        0.6650647600414341,
        0.7486737804715496,
        0.8151304382023137,
        0.8663208851165827,
        0.9050779505200806,
        0.9327444282297782,
        0.9531709324803795,
        0.967773581944627,
        0.9779131603407548,
        0.9849533574206268
    ]
}
