{
    "all_VnD_diff_n": [
        0.0,
        0.27126253404950484,
        0.47247997291098914,
        0.6362920454940402,
        0.7525695689092657,
        0.8370841936192808,
        0.8926343460974436,
        0.9298165105884652,
        0.9542259803548816,
        0.9704206415921124,
        0.9810360593905273,
        0.9879169470386046,
        0.9924146044713499,
        0.9951930141045372,
        0.9970043072786898,
        0.9981124720463344
    ],
    "all_pur_diff_n": [
        1.0,
        0.6646184117308565,
        0.4320067852868988,
        0.27394554918110364,
        0.1774627257831466,
        0.1175578958557825,
        0.08233792754244879,
        0.061404425282104366,
        0.049079823353732746,
        0.041767207016888575,
        0.037470550862875096,
        0.03494125444739681,
        0.03342811039905819,
        0.032558540096310894,
        0.03203021266863001,
        0.03172364417826336
    ],
    "all_R2d_diff_n": [
        -0.0,
        0.11788036694841086,
        0.242174824544685,
        0.3736077861307981,
        0.4988824123355734,
        0.6177113306103025,
        0.7204598107002999,
        0.8051027117137414,
        0.8697452266517349,
        0.9162971032821219,
        0.9476198005144335,
        0.9677849571022306,
        0.9805588768349951,
        0.9881640356448743,
        0.9928845625349902,
        0.99565953660956
    ]
}
