{
    "all_pur_diff_n": [
        1.0,
        0.6339321832545725,
        0.39276351775162965,
        0.23758364671607296,
        0.14811264292141427,
        0.09592036610689858,
        0.06715013950008356,
        0.051114099339919734,
        0.04227283522839142,
        0.03735263234523225,
        0.034638768396042706,
        0.03313887773433627,
        0.03229560111262257,
        0.031841622305666936,
        0.031581447186127404,
        0.031440043201042184
    ],
    "all_R2d_diff_n": [
        -0.0,
        0.13151991655609147,
        0.26965343304855666,
        0.4146985116938204,
        0.5510466600600543,
        0.6764038049126098,
        0.7792931586026004,
        0.8580269779921057,
        0.9128250625937329,
        0.9485292544787196,
        0.9702937109518863,
        0.9830662888041036,
        0.9905037033313977,
        0.9945884695681027,
        0.9969557814201166,
        0.9982505979605361
    ]
}
