{
    "all_pur_diff_n": [
        1.0,
        0.6339321832545725,
        0.39276351775162965,
        0.23758364671607296,
        0.14811264292141416,
        0.0959203661068985,
        0.0671501395000835,
        0.051114099339919686,
        0.0422728352283914,
        0.03735263234523222,
        0.03463876839604267,
        0.033138877734336235,
        0.03229560111262252,
        0.03184162230566688,
        0.031581447186127355,
        0.031440043201042135
    ],
    "all_R2d_diff_n": [
        -0.0,
        0.13151991655609147,
        0.26965343304855666,
        0.4146985116938204,
        0.5510466600600545,
        0.67640380491261,
        0.7792931586026006,
        0.858026977992106,
        0.912825062593733,
        0.9485292544787199,
        0.9702937109518868,
        0.9830662888041038,
        0.9905037033313983,
        0.9945884695681032,
        0.9969557814201171,
        0.9982505979605365
    ]
}
