{
    "all_VnD_diff_n": [
        0.0,
        0.29079695311341075,
        0.5023916312404236,
        0.6686936199060004,
        0.7836816860246802,
        0.8623985827871206,
        0.9134173241988561,
        0.9471402408229638,
        0.9678772952802922,
        0.9808319896966671,
        0.9887179871605208,
        0.9934496651008363,
        0.9962308285048592,
        0.9978417884249865,
        0.9987820639830628,
        0.9993207116020733
    ],
    "all_pur_diff_n": [
        1.0,
        0.5941554191038316,
        0.3438117866145175,
        0.19389600224477238,
        0.11177220978667458,
        0.06723752592325778,
        0.04325684000195246,
        0.03026800566395126,
        0.023434796461093536,
        0.019787953591910434,
        0.01784027164622819,
        0.01680487793895936,
        0.01625612981580962,
        0.015965100869345293,
        0.015807877550868626,
        0.015723250500993845
    ],
    "all_R2d_diff_n": [
        -0.0,
        0.12518128908301215,
        0.25671818175087685,
        0.394440839446304,
        0.5268944271861735,
        0.6490982582887322,
        0.7551546520604426,
        0.8410104282608614,
        0.9025339875306303,
        0.9432056281117774,
        0.9681197678409181,
        0.9824960210006665,
        0.9904787269407037,
        0.9948224202874271,
        0.9972020854886212,
        0.998492781655469
    ]
}
