{
    "all_VnD_diff_n": [
        0.0,
        0.2933883111391499,
        0.5086501720936982,
        0.669992416459363,
        0.7891801326222113,
        0.8717984799684314,
        0.922212459127862,
        0.9546907725097002,
        0.9735971007745494,
        0.9852241175797654,
        0.991770699372722,
        0.9955237088319429,
        0.99756820976106,
        0.998697642979977,
        0.9992983069131237,
        0.9996209282313424
    ],
    "all_pur_diff_n": [
        1.0,
        0.5370702128483809,
        0.27761090904907776,
        0.14328260881338034,
        0.07413496586637279,
        0.03981289101328515,
        0.02347370971445345,
        0.015401417257028,
        0.01155489773305064,
        0.009637247744573045,
        0.008714934909177952,
        0.00825851044988692,
        0.008036657311848798,
        0.00792563546578648,
        0.007870793418162431,
        0.007843006142028432
    ],
    "all_R2d_diff_n": [
        -0.0,
        0.12811676948093875,
        0.2641234047784226,
        0.4004377977698967,
        0.5362431482106323,
        0.6643743647476946,
        0.7732586186731771,
        0.8601132963149671,
        0.9193359569322801,
        0.9567375845361209,
        0.9774706279414529,
        0.9885575274173776,
        0.9941698169825994,
        0.9970368102296517,
        0.9984678871722888,
        0.9991967934909614
    ]
}
