{
    "all_pur_diff_n": [
        1.0,
        0.48204289390935584,
        0.22555439992756626,
        0.10359382636346962,
        0.049497754457618136,
        0.024426691258574454
    ],
    "all_R2d_diff_n": [
        -0.0,
        0.13159582081621693,
        0.2685565832076379,
        0.4088737582736394,
        0.542061639149433,
        0.6694247168258992
    ]
}
