{
    "all_pur_diff_n": [
        1.0,
        0.48204289390935584,
        0.2255543999275663,
        0.10359382636346967,
        0.0494977544576182,
        0.024426691258574478
    ],
    "all_R2d_diff_n": [
        -0.0,
        0.13159582081621693,
        0.2685565832076379,
        0.40887375827363936,
        0.5420616391494326,
        0.6694247168258991
    ]
}
