{
    "all_pur_diff_n": [
        1.0,
        0.48204289390935584,
        0.22555439992756626,
        0.10359382636346962,
        0.049497754457618136,
        0.024426691258574454,
        0.01323698109497328,
        0.00815118858946287,
        0.005851627246656795,
        0.004828111534977995,
        0.004352502639374721,
        0.004128424522173784,
        0.0040191367991406265,
        0.0039648945534519935,
        0.003935991550053313,
        0.003921232636659972
    ],
    "all_R2d_diff_n": [
        -0.0,
        0.13159582081621693,
        0.2685565832076379,
        0.4088737582736394,
        0.542061639149433,
        0.6694247168258992,
        0.779910257471145,
        0.8673467298964622,
        0.9271183016360681,
        0.9617906600318678,
        0.9804923889911872,
        0.9900241194052314,
        0.9948623251871352,
        0.9973127233452228,
        0.9986321451522475,
        0.9993096311096951
    ]
}
