{
    "all_pur_diff_n": [
        1.0,
        0.43017859379744916,
        0.17171609581147676,
        0.06790408355221969,
        0.02795924041905625,
        0.012415504707408306
    ],
    "all_R2d_diff_n": [
        -0.0,
        0.13522137317500957,
        0.28243364646245916,
        0.431150872583539,
        0.5733923358730816,
        0.703523697724729
    ]
}
