{
    "all_pur_diff_n": [
        1.0,
        0.43017859379744916,
        0.1717160958114768,
        0.06790408355221962,
        0.027959240419056237,
        0.012415504707408296,
        0.0062097363175227975,
        0.003719176530902624,
        0.002707250419420093,
        0.002292762046591844,
        0.002111755361460847,
        0.00202705112035426,
        0.0019875621544319234,
        0.0019693230439622776,
        0.0019609469637239117,
        0.0019570040792278066
    ],
    "all_R2d_diff_n": [
        -0.0,
        0.13522137317500957,
        0.2824336464624591,
        0.4311508725835391,
        0.5733923358730817,
        0.7035236977247292,
        0.8145835861904138,
        0.8967556730548577,
        0.9476617713675943,
        0.9742997390568973,
        0.9874823967580674,
        0.9940446457737813,
        0.997198256449378,
        0.9986760552324448,
        0.9993593075672909,
        0.9996819468338818
    ]
}
