{
    "all_pur_diff_n": [
        1.0,
        0.43017859379744916,
        0.1717160958114768,
        0.06790408355221962,
        0.027959240419056237,
        0.012415504707408296
    ],
    "all_R2d_diff_n": [
        -0.0,
        0.13522137317500957,
        0.2824336464624591,
        0.4311508725835391,
        0.5733923358730817,
        0.7035236977247292
    ]
}
