{
    "all_pur_diff_n": [
        1.0,
        0.7863774959708159,
        0.6081130383742077,
        0.48146111470288605,
        0.38307592247471156,
        0.3127425726606059,
        0.2620171089065283,
        0.22465206787505437,
        0.19710344649387332,
        0.17703049952410327
    ],
    "all_R2d_diff_n": [
        -0.0,
        0.11556868623571788,
        0.23919619087546384,
        0.3515029372162453,
        0.4614325813973403,
        0.558984157575974,
        0.6440890255088151,
        0.7180785844201168,
        0.7809916972456922,
        0.8326433866269712
    ]
}
