{
    "all_pur_diff_n": [
        1.0,
        0.6339321744426263,
        0.39276350688821554,
        0.23758363702372534,
        0.14811263540601008,
        0.09592036076703203,
        0.06715013588584509,
        0.05111409697698712,
        0.042272833720414155,
        0.03735263140159707,
        0.034638767811807546,
        0.03313887737538161,
        0.032295600895159926,
        0.03184162217271787,
        0.03158144710581247
    ],
    "all_R2d_diff_n": [
        -0.0,
        0.13151992056691514,
        0.26965344102923366,
        0.41469852346491853,
        0.5510466747008527,
        0.6764038209755159,
        0.7792931741327067,
        0.8580269913308569,
        0.9128250728866376,
        0.948529261768047,
        0.9702937158185326,
        0.9830662919295088,
        0.9905037052742772,
        0.9945884707728464,
        0.9969557821539017
    ]
}
