{
    "all_pur_diff_n": [
        1.0,
        0.12397337041634499,
        0.02444615996154037,
        0.005969962808724458,
        0.004052758195443352,
        0.003510559566230311
    ],
    "all_R2d_diff_n": [
        -0.0,
        0.3346553147887632,
        0.5949164808268015,
        0.8208958156388014,
        0.8829866871053678,
        0.9060092530205964
    ]
}
