{
    "all_pur_diff_n": [
        1.0,
        0.2884553421971295,
        0.08428430964199,
        0.033519610119386874,
        0.02191018102177512,
        0.02137271714536344
    ],
    "all_R2d_diff_n": [
        -0.0,
        0.298930018751309,
        0.5947653509275527,
        0.8164751368716088,
        0.9187091309766954,
        0.9246809763579967
    ]
}
