{
    "all_pur_diff_n": [
        1.0,
        0.36933680429421334,
        0.16175947963686035,
        0.12245538371982169,
        0.09853513432273432,
        0.09061222911732425
    ],
    "all_R2d_diff_n": [
        -0.0,
        0.359247765270437,
        0.6570194583809278,
        0.7574179729675862,
        0.8358044892068609,
        0.8660376046983375
    ]
}
