{
    "all_pur_diff_n": [
        1.0,
        0.13772499294826632,
        0.02363719375580133,
        0.009724880158674067,
        0.007436683991227863,
        0.00684642164645876
    ],
    "all_R2d_diff_n": [
        -0.0,
        0.35751721323157315,
        0.6753496778849097,
        0.8355129766282724,
        0.8838906019994356,
        0.8988042673981339
    ]
}
