{
    "all_pur_diff_n": [
        1.0,
        0.05088354000968155,
        0.009350597987925471,
        0.003506087079676179,
        0.002049659744953431,
        0.00147049591261772
    ],
    "all_R2d_diff_n": [
        -0.0,
        0.4296657146181668,
        0.6740725653712303,
        0.8155922456317957,
        0.8930399850546411,
        0.9409481510538669
    ]
}
