{
    "all_pur_diff_n": [
        1.0,
        0.15690786376041174,
        0.036675637449430136,
        0.01651126123073187,
        0.01402965892575426,
        0.012321708588885413
    ],
    "all_R2d_diff_n": [
        -0.0,
        0.3817157767341886,
        0.6812905926517282,
        0.8457722662110265,
        0.8793394648097489,
        0.9060934098086616
    ]
}
