{
    "all_pur_diff_n": [
        1.0,
        0.6104897659418905,
        0.43172177101552817,
        0.2630731692658659,
        0.19557575519257112,
        0.15413324444089488
    ],
    "all_R2d_diff_n": [
        -0.0,
        0.23732032811904516,
        0.40394208250885155,
        0.6421546596027651,
        0.784733519704515,
        0.899250009935817
    ]
}
