{
    "all_pur_diff_n": [
        1.0,
        0.4144425694433314,
        0.12202345527885196,
        0.057990628272912965,
        0.04391448208521937,
        0.03822869482930391
    ],
    "all_R2d_diff_n": [
        -0.0,
        0.25415117958369166,
        0.6069539212853562,
        0.8216072842401637,
        0.9018318801300547,
        0.9418400487989764
    ]
}
