{
    "all_pur_diff_n": [
        1.0,
        0.5938977988370103,
        0.43255776057562845,
        0.34378619830133506,
        0.3197908635656095,
        0.30293029843571745
    ],
    "all_R2d_diff_n": [
        -0.0,
        0.37585670465529775,
        0.6045176512053312,
        0.7702082337935512,
        0.8223996866600697,
        0.861471107144085
    ]
}
