{
    "all_pur_mean_diff_n": [
        0.9463418199404762,
        0.7428526473214291,
        0.6305925855654765,
        0.4945502656250005,
        0.41419105952381013,
        0.36703595907738157,
        0.28204965625000034,
        0.26205789583333344,
        0.22101584375000027,
        0.19386407142857184,
        0.18081922619047627,
        0.16826500669642874,
        0.1581826190476193,
        0.1477350357142858,
        0.14247826339285727,
        0.13881778943452394
    ],
    "all_R2d_mean_diff_n": [
        0.03200067260008655,
        0.14301532388383187,
        0.22258707947413836,
        0.33900579844330864,
        0.4248514318995402,
        0.48422949280610367,
        0.6099960681185418,
        0.6442467319339166,
        0.7260988713770868,
        0.789130109114533,
        0.8225544859698056,
        0.8571152627825573,
        0.8867937327692691,
        0.9197157713668327,
        0.9370735418403148,
        0.9495960804399034
    ],
    "all_pur_std_diff_n": [
        0.14708945907603663,
        0.012189723461953348,
        0.0369637185428249,
        0.020398087865406127,
        0.02622568514639363,
        0.03548346008162861,
        0.02122577857254572,
        0.008192992416733404,
        0.005958389034050963,
        0.0051468407621655405,
        0.0035901502541904645,
        0.0024571640765708998,
        0.0012358531102150312,
        0.002645348384215232,
        0.0009845606702242394,
        0.0011866861514529287
    ],
    "all_R2d_std_diff_n": [
        0.07146535198271235,
        0.007882302895212486,
        0.028720142314802927,
        0.019582342505946756,
        0.030690544063262597,
        0.04617867303588502,
        0.03568108674270384,
        0.014916057200590097,
        0.012853613670252121,
        0.012753239883920858,
        0.00952500330099492,
        0.006989795695364828,
        0.0037673231958493753,
        0.008609352394420719,
        0.0033175098077076735,
        0.004104697047306916
    ]
}
