{
    "all_pur_mean_diff_n": [
        0.9463418199404762,
        0.7910641577380959,
        0.6104352946428567,
        0.5007644122023812,
        0.4005000900297621,
        0.35601603869047677,
        0.2625308467261907,
        0.2555671555059526,
        0.2257773117559526,
        0.19376722172619046,
        0.18277420238095235,
        0.16525963169642882,
        0.15222677380952399,
        0.14546588913690492,
        0.14164004985119064,
        0.1371456755952383
    ],
    "all_R2d_mean_diff_n": [
        0.03200067260008655,
        0.11545084625562513,
        0.2377709073700299,
        0.33311611638617117,
        0.44062251593749296,
        0.49855060327577677,
        0.6431917008464239,
        0.657627572683889,
        0.7157824970672796,
        0.7895453875882082,
        0.8173674626926125,
        0.8657504163438438,
        0.9052594292184644,
        0.9271017437957214,
        0.9399016592227255,
        0.9554064782705979
    ],
    "all_pur_std_diff_n": [
        0.14708945907603663,
        0.08382708021797695,
        0.024963527673172347,
        0.023000850095390834,
        0.019897312330163744,
        0.031789960667396665,
        0.003580599224654744,
        0.020819047115334305,
        0.0047384701207745916,
        0.007286011104499562,
        0.0032994940902562613,
        0.0014739875452071736,
        0.0015211837597669717,
        0.0013049656359560746,
        0.0004129501041836795,
        0.0001110117517683603
    ],
    "all_R2d_std_diff_n": [
        0.07146535198271235,
        0.05151966566983414,
        0.019868725802869656,
        0.022417725062252154,
        0.023501467686471947,
        0.04245805585015439,
        0.006550470006983649,
        0.038368308331579074,
        0.010144657050508744,
        0.01825075788048532,
        0.00872752392819577,
        0.004296339528213793,
        0.004819780167520608,
        0.004312642925407279,
        0.0014034044309111124,
        0.0003892020335011319
    ]
}
