{
    "all_pur_mean_diff_n": [
        0.9980904873511897,
        0.8829765833333337,
        0.5959229367559525,
        0.50139982217262,
        0.4484455989583343,
        0.3391323273809527,
        0.2974213727678575,
        0.24213071651785742,
        0.21575583407738122,
        0.20199572098214322,
        0.18443497991071423,
        0.16344019866071438,
        0.1566320446428572,
        0.14643571056547644,
        0.14019341889880965,
        0.13778572991071444
    ],
    "all_R2d_mean_diff_n": [
        0.012616852852105167,
        0.06246289888794506,
        0.2491793319464691,
        0.33235425447987793,
        0.38621092567140636,
        0.524579137771425,
        0.583239552144908,
        0.6822330782785299,
        0.7376023820664974,
        0.7692283636764654,
        0.813098551733479,
        0.8710763929946349,
        0.8915355809025366,
        0.9238971818875233,
        0.9448620997170086,
        0.9531810057104386
    ],
    "all_pur_std_diff_n": [
        0.2064395195589479,
        0.08955501420651343,
        0.019169340303027076,
        0.019527857772182185,
        0.021363258294637182,
        0.04682124841250911,
        0.006029040037620941,
        0.00670385068550128,
        0.0042583513176513415,
        0.002144630398109791,
        0.004740357672073351,
        0.0015354055323484655,
        0.0014063630109682152,
        0.0009579023031254931,
        0.0014469835273636566,
        0.0010445526243335588
    ],
    "all_R2d_std_diff_n": [
        0.10932747789365944,
        0.050786342683471535,
        0.015301489012597601,
        0.018754823647192005,
        0.022915779724709748,
        0.06605716642669991,
        0.009809112607540391,
        0.013391859865256837,
        0.009431065606860304,
        0.0051252506304868516,
        0.012424976129225126,
        0.004532894758716323,
        0.00431181780385952,
        0.0031460366263869124,
        0.004962816393387165,
        0.003642069052064113
    ]
}
