{
    "all_pur_mean_diff_n": [
        0.9702003452380948,
        0.8354696800595248,
        0.6498587254464282,
        0.49444961830357165,
        0.4272118683035715,
        0.33271228199404784,
        0.28646406770833344,
        0.244539574404762,
        0.21532745833333342,
        0.1936836183035717,
        0.18206338839285732,
        0.16370614508928574,
        0.15810379092261923,
        0.14847132142857153,
        0.14173527232142866,
        0.137512441964286
    ],
    "all_R2d_mean_diff_n": [
        0.015828857161813113,
        0.08761157132859952,
        0.20761406298730492,
        0.3391739587341333,
        0.4093517225907106,
        0.5296488758048049,
        0.6021429036606535,
        0.6777762842251631,
        0.7387267807443173,
        0.7894607909264333,
        0.819234639730725,
        0.870273515203886,
        0.8871945230300855,
        0.917248961036163,
        0.9395766460378625,
        0.9541373447040812
    ],
    "all_pur_std_diff_n": [
        0.06966014555390135,
        0.05883821646010569,
        0.02488584831740227,
        0.021746677109204516,
        0.016663656017310093,
        0.014220890584433812,
        0.017738135650541782,
        0.011145407528495202,
        0.007148201115906719,
        0.0028406281814508704,
        0.0031573309213001207,
        0.00018577448839442417,
        0.004260709928479203,
        0.00030671704797754807,
        0.0001372166816132972,
        0.0010975985407306581
    ],
    "all_R2d_std_diff_n": [
        0.03537207056207322,
        0.03326787017903958,
        0.018184241897346527,
        0.021398837921016343,
        0.018516570585254844,
        0.02026978031672963,
        0.030488621381118543,
        0.02158929104401809,
        0.01580687574437824,
        0.00708877487758189,
        0.008331643392192141,
        0.0005455116302546734,
        0.01302560968155394,
        0.000993010351188138,
        0.0004655644719519829,
        0.003847235079656805
    ]
}
