{
    "all_pur_mean_diff_n": [
        1.0550654843750003,
        0.8364072068452382,
        0.6767935952380952,
        0.5119650119047622,
        0.40677212276785735,
        0.33246370833333344,
        0.2874700275297623,
        0.25427206845238115,
        0.221521472470238,
        0.19933265104166664,
        0.1826856555059525,
        0.1684859813988097,
        0.15466250297619064,
        0.14929730877976197,
        0.1416052604166668,
        0.137798337797619
    ],
    "all_R2d_mean_diff_n": [
        -0.003500272383002878,
        0.08686856859109378,
        0.18860709873919812,
        0.3234023399829952,
        0.4338402861025538,
        0.5298818664574995,
        0.6006637727886709,
        0.6590937598570269,
        0.7249209239590813,
        0.7759818536669868,
        0.8175608319878004,
        0.8567087875220899,
        0.8976364916930527,
        0.9146550961295722,
        0.9400431560985502,
        0.9531264716456217
    ],
    "all_pur_std_diff_n": [
        0.3115683179569788,
        0.05209495093644982,
        0.04025903485885941,
        0.040063909467668864,
        0.029052209818554973,
        0.011743583773325182,
        0.0196081406757358,
        0.01231798284492898,
        0.004377526659910142,
        0.008154618957962975,
        0.002336413289653536,
        0.005745927747688583,
        0.0018696072055005412,
        0.002628814100088526,
        0.001453063057383362,
        0.0005080980415197276
    ],
    "all_R2d_std_diff_n": [
        0.14861876518580738,
        0.03062592588314011,
        0.029078964447960085,
        0.037030925507389706,
        0.03527302670302151,
        0.017188555926480362,
        0.0336615394284411,
        0.02363804133580442,
        0.009491376249743123,
        0.019529378874460542,
        0.0061413997001616176,
        0.01622141881481901,
        0.00578994995671653,
        0.008515975279586877,
        0.004948249611530366,
        0.001772956961457185
    ]
}
