{
    "all_pur_mean_diff_n": [
        5.167998065476184
    ],
    "all_R2d_mean_diff_n": [
        -1.1846134036736051
    ],
    "all_pur_std_diff_n": [
        0.11823629663108143
    ],
    "all_R2d_std_diff_n": [
        0.016541017740500312
    ]
}
