{
    "all_pur_mean_diff_n": [
        5.17136398809525
    ],
    "all_R2d_mean_diff_n": [
        -1.1844255029970348
    ],
    "all_pur_std_diff_n": [
        0.2506452455461347
    ],
    "all_R2d_std_diff_n": [
        0.03495138606648017
    ]
}
