{
    "all_pur_mean_diff_n": [
        0.9537851190476186,
        1.19938206845238,
        1.2231324404761914
    ],
    "all_R2d_mean_diff_n": [
        0.035414216264996086,
        -0.10957077596152957,
        -0.13063365685350972
    ],
    "all_pur_std_diff_n": [
        0.056029138259673476,
        0.30677915027508157,
        0.2527684310468182
    ],
    "all_R2d_std_diff_n": [
        0.043326921111756504,
        0.17265575667833652,
        0.14410951796276741
    ]
}
