{
    "all_pur_mean_diff_n": [
        0.7400862388392864,
        0.6123059791666668,
        0.4548433467261914,
        0.3826945684523813,
        0.2943388400297622,
        0.24983428497023819,
        0.22162052083333358,
        0.19157499553571444,
        0.1795049166666669,
        0.1615829813988095,
        0.14998277306547647,
        0.14513607142857177,
        0.13881571726190486,
        0.13540170535714288,
        0.13251475074404773
    ],
    "all_R2d_mean_diff_n": [
        0.1457860520967547,
        0.23861917322405538,
        0.37900372248592396,
        0.4620210145124106,
        0.5881813425866474,
        0.6671828560489675,
        0.7249586674226158,
        0.7947969778089976,
        0.8260450876526493,
        0.8765599993991211,
        0.9123870274248427,
        0.9281996845936749,
        0.9496140274194471,
        0.9615876714867415,
        0.971966937133694
    ],
    "all_pur_std_diff_n": [
        0.048376589205986455,
        0.06614849583162619,
        0.011383213912148332,
        0.008165862367619745,
        0.003365650127820459,
        0.0071266979594477005,
        0.008398815125825788,
        0.004372100871484824,
        0.0032166552533430936,
        0.0009921055524107463,
        0.000963653975328705,
        0.0014994018317650106,
        0.0015026755298072339,
        0.001432365050563959,
        0.0017535782176484312
    ],
    "all_R2d_std_diff_n": [
        0.03174933560677574,
        0.050842261661747046,
        0.012055609665315499,
        0.010259975610612279,
        0.0054789441526636095,
        0.01380489466353675,
        0.018269273270916802,
        0.010895954130611072,
        0.008586614695189634,
        0.0029498166723219903,
        0.003090746683635969,
        0.004972721939167064,
        0.005223448580297936,
        0.005092201475305333,
        0.00633949607461763
    ]
}
