{
    "all_pur_mean_diff_n": [
        1.0250000000000001,
        1.875,
        1.2999999999999998,
        0.15,
        -0.15,
        2.425,
        0.09999999999999998,
        -0.47500000000000003,
        -1.625,
        -0.6
    ],
    "all_R2d_mean_diff_n": [
        0.21039643579811898,
        null,
        null,
        null,
        null,
        -0.14629171938924956,
        null,
        null,
        null,
        null
    ],
    "all_pur_std_diff_n": [
        0.648074069840786,
        2.2569337606584736,
        1.287924687239126,
        0.7992183681572891,
        0.24748737341529164,
        2.510975905897944,
        0.9414085191881367,
        0.5232112384114087,
        3.217335854398791,
        0.5556527692723218
    ],
    "all_R2d_std_diff_n": [
        0.5597699848237211,
        null,
        null,
        null,
        null,
        0.5064665568107128,
        null,
        null,
        null,
        null
    ]
}
