{
    "all_pur_mean_diff_n": [
        0.9694711339285712,
        0.8299790997023813,
        0.6564814456845246,
        0.5007775133928575,
        0.4267786153273814,
        0.3300889449404763,
        0.28710268005952383,
        0.24540122619047655,
        0.21696627752976208,
        0.19241220014880955,
        0.17964054315476205,
        0.16294099925595237,
        0.1594800014880954,
        0.15031287127976203,
        0.14314447693452392,
        0.13789323363095266
    ],
    "all_R2d_mean_diff_n": [
        0.016232135768795345,
        0.0914758243225816,
        0.20263108104946048,
        0.33311840494602846,
        0.4099974581558248,
        0.533433559774622,
        0.600805190224522,
        0.6759130494124369,
        0.7352180259687474,
        0.7928069440435003,
        0.8256481523199181,
        0.8725495446482481,
        0.8830221389787304,
        0.911326105338912,
        0.9348343952409467,
        0.9528170511367934
    ],
    "all_pur_std_diff_n": [
        0.07071720800194463,
        0.0730054174638564,
        0.02087703510832558,
        0.02335037096608686,
        0.019932866192749116,
        0.01358572402434132,
        0.015127114551398908,
        0.0089350792878739,
        0.008918893271238584,
        0.005920692773589191,
        0.0024045760547242606,
        0.0016063960952250789,
        0.004230178923477084,
        0.0007659672623375775,
        0.0011573335799646412,
        0.0014009824456048428
    ],
    "all_R2d_std_diff_n": [
        0.03594704127549846,
        0.04226169226280901,
        0.015133010000147377,
        0.022727725432879025,
        0.022230412881564195,
        0.019859082609273927,
        0.02582454901465116,
        0.01747138378418162,
        0.019497274402277717,
        0.014959464143984533,
        0.006441041244170144,
        0.0047455436227479275,
        0.012874537155908,
        0.0024546924410200903,
        0.0038846442946033886,
        0.004898879495203636
    ]
}
