{
    "all_pur_mean_diff_n": [
        0.8211535052083336,
        0.8212719203869051,
        0.6267891614583326,
        0.5234664508928567,
        0.4059132686011912,
        0.3552290104166668,
        0.2947499122023816,
        0.2458209218750003,
        0.21930624553571446,
        0.1927423370535715,
        0.17731311979166695,
        0.1632827120535716,
        0.15520444122023816,
        0.14968959449404792,
        0.14311535416666685,
        0.13682997916666675
    ],
    "all_R2d_mean_diff_n": [
        0.09578355078321861,
        0.09709613874291938,
        0.2265472931139909,
        0.3113526209467693,
        0.43399194957034437,
        0.49785652461066926,
        0.5876762104918624,
        0.6752399731284818,
        0.7299815218405391,
        0.7919444504161653,
        0.8318998342219631,
        0.8715741306873007,
        0.8959496989620129,
        0.9133262442545665,
        0.9349266180995643,
        0.9565166037840335
    ],
    "all_pur_std_diff_n": [
        0.05424562430392949,
        0.08152275434372512,
        0.055601928228951755,
        0.009302281369600169,
        0.016535779597420894,
        0.008243275228589357,
        0.008432223912091393,
        0.010710735729313442,
        0.008020080245972961,
        0.005436681641086808,
        0.0017512343922196645,
        0.002481835154658141,
        0.001737418681515355,
        0.0008744654120036392,
        0.000927446487204816,
        0.000397281344998297
    ],
    "all_R2d_std_diff_n": [
        0.031206910203779366,
        0.04830102467797502,
        0.0427587543921628,
        0.00851903589502287,
        0.019860726144546297,
        0.011212014137064416,
        0.013784707287944488,
        0.021295974708045243,
        0.0175681180031067,
        0.013650075954958239,
        0.004766376596895137,
        0.00729945078917214,
        0.00540333978125004,
        0.002805722763920634,
        0.0031107166089688228,
        0.0013948574019854946
    ]
}
