{
    "all_pur_mean_diff_n": [
        0.8822304322916666,
        0.907441505208333,
        0.5909344523809525,
        0.497390662202381,
        0.39236281250000055,
        0.31135656398809575,
        0.25814326488095257,
        0.23081949404761934,
        0.19809507738095253,
        0.18007366294642865,
        0.1603041495535716,
        0.1520265639880953,
        0.14445047842261918,
        0.13953237574404775,
        0.13455464806547632,
        0.13241783333333348
    ],
    "all_R2d_mean_diff_n": [
        0.06376036043393303,
        0.048395019902870144,
        0.25321454722430775,
        0.3366231772915167,
        0.45003817530160334,
        0.562834520745552,
        0.6526989200351055,
        0.7052876708263525,
        0.7786140259803133,
        0.8245919152054454,
        0.8803829831600615,
        0.9059432354018316,
        0.9304549136478696,
        0.9471216620338895,
        0.9646042457499893,
        0.9722824419401995
    ],
    "all_pur_std_diff_n": [
        0.10893133366043815,
        0.0744758747795503,
        0.018483615677860873,
        0.027912620048502965,
        0.008894309891276882,
        0.026333766513090315,
        0.02035523777288651,
        0.007240085062153674,
        0.002412162243435676,
        0.004442446513830866,
        0.0010778987350854349,
        0.0026879314646441423,
        0.0005796832239089312,
        0.0009980736371795328,
        0.0013900480046095424,
        0.0006361266131793447
    ],
    "all_R2d_std_diff_n": [
        0.057356348503305135,
        0.0406866893198324,
        0.015168063314751653,
        0.027421970761561734,
        0.01099065213195244,
        0.04057293950301759,
        0.03699088386307215,
        0.014928346494600599,
        0.005858090400918134,
        0.011778778232619276,
        0.0032344147559522753,
        0.00848973155552236,
        0.0019312712151891283,
        0.003432386713228877,
        0.004962494426716974,
        0.0023116187147558666
    ]
}
