{
    "all_pur_mean_diff_n": [
        1.022082951323655,
        0.6598905987960664,
        0.38457882885527256,
        0.2379193554114756,
        0.15088443385148906,
        0.09750802778763602,
        0.0648308275150019,
        0.05047129872788914
    ],
    "all_R2d_mean_diff_n": [
        -0.005627584092481045,
        0.12017726028787112,
        0.27579892787844806,
        0.41429894348645463,
        0.5457505119441324,
        0.6717875451429269,
        0.789500427474752,
        0.8617454458241491
    ],
    "all_pur_std_diff_n": [
        0.0701482964000536,
        0.026814667189002307,
        0.008414534148766082,
        0.0017578119260234994,
        0.002903054397176568,
        0.0028235520916400835,
        0.0013838348356167902,
        0.0010865909457775011
    ],
    "all_R2d_std_diff_n": [
        0.019700083524448228,
        0.011680228292461771,
        0.006320856162959493,
        0.0021273549919441507,
        0.005573469289036813,
        0.00833113571956878,
        0.006120509074280006,
        0.006210674558586757
    ]
}
