{
    "all_pur_mean_diff_n": [
        0.9651737440476192,
        0.7679970453869052,
        0.6101085238095233,
        0.5169428824404764,
        0.44016869717261975,
        0.35433447247023836,
        0.2856255416666668,
        0.25321296279761907,
        0.2196382462797621,
        0.1969867782738097,
        0.18080849627976206,
        0.1598420052083334,
        0.15454634449404783,
        0.14749266294642863,
        0.14016598735119054,
        0.13893142113095266
    ],
    "all_R2d_mean_diff_n": [
        0.020263431346323604,
        0.12816473194096334,
        0.23788209005531957,
        0.3210514073116127,
        0.39626501298222183,
        0.49899690964919147,
        0.6034045702646594,
        0.6607507009722274,
        0.7291360840389257,
        0.781629993672217,
        0.8225195171287436,
        0.8817641608973671,
        0.8980011466313312,
        0.9204782619093032,
        0.9449460211160684,
        0.9491936218622893
    ],
    "all_pur_std_diff_n": [
        0.11279513066470588,
        0.05555907295763586,
        0.01996104399755152,
        0.06505334183081968,
        0.03606251606810518,
        0.005518320001047422,
        0.01671828273794156,
        0.007692288982789395,
        0.006412700561692767,
        0.007551498357409556,
        0.002047351549359346,
        0.0006237134852185387,
        0.0019467662905818819,
        0.002127420958091459,
        0.0011207777429078658,
        0.0008279570964838366
    ],
    "all_R2d_std_diff_n": [
        0.05533073239948576,
        0.03403179274944992,
        0.015914829018955086,
        0.05974422910000155,
        0.039894914412108136,
        0.0074735208510763,
        0.02762387796839661,
        0.014765673069795756,
        0.013946882203026681,
        0.01844322447303712,
        0.0054647339641160945,
        0.0018753905644324882,
        0.006074162852665028,
        0.006929642358642368,
        0.003854995279402383,
        0.0028719457509467773
    ]
}
