{
    "all_pur_diff_n": [
        1.0,
        0.7473595403854203,
        0.5655370592088158,
        0.41536908801659,
        0.31256643944148,
        0.24889990221014663
    ],
    "all_R2d_diff_n": [
        -0.0,
        0.1400418772905079,
        0.27410217629247974,
        0.4225114136082113,
        0.5592550705950532,
        0.6687874771287564
    ]
}
