{
    "all_pur_diff_n": [
        1.0,
        0.3824461491840852,
        0.14536701359879736,
        0.058382987133636904,
        0.028922381123520885,
        0.01671203903552175
    ],
    "all_R2d_diff_n": [
        -0.0,
        0.19809592475568455,
        0.3974611660080981,
        0.5854725946203772,
        0.7302385511875269,
        0.8432812032065258
    ]
}
