{
    "all_pur_diff_n": [
        1.0,
        0.3426062886482318,
        0.11228974059781403,
        0.04196233329480907,
        0.017421806532515773,
        0.009391177228511538
    ],
    "all_R2d_diff_n": [
        -0.0,
        0.19317205776157004,
        0.39433774670036714,
        0.5718451611605311,
        0.7303702449521186,
        0.8418097833494632
    ]
}
