{
    "all_pur_diff_n": [
        1.0,
        0.8034246689648932,
        0.6748613490276801,
        0.5703938219792182,
        0.4972886011618257,
        0.4432031033574079
    ],
    "all_R2d_diff_n": [
        -0.0,
        0.15788266760653355,
        0.2836684827449616,
        0.4049848695333323,
        0.5039223663955447,
        0.5869800557769045
    ]
}
