{
    "all_pur_diff_n": [
        1.0,
        0.6080247541288177,
        0.37050472587635086,
        0.2575885873124521,
        0.18218883055232551,
        0.13784179360584373
    ],
    "all_R2d_diff_n": [
        -0.0,
        0.17944950862209927,
        0.35810903757968915,
        0.48921485497096734,
        0.6141233950794306,
        0.7147286789134186
    ]
}
