{
    "all_pur_diff_n": [
        1.0,
        0.486764457134052,
        0.22268807126997586,
        0.10234005136255181,
        0.05177836271689643,
        0.03139315428991828
    ],
    "all_R2d_diff_n": [
        -0.0,
        0.17311737776367167,
        0.3611506359208161,
        0.5480928720608356,
        0.7119178072102162,
        0.8322343659840352
    ]
}
