{
    "all_pur_diff_n": [
        1.0,
        0.2233401236207012,
        0.0577325091680166,
        0.015407855044496929,
        0.004900944333419768,
        0.0021384264580635885
    ],
    "all_R2d_diff_n": [
        -0.0,
        0.21626856366127806,
        0.4114472260711934,
        0.6020190154142264,
        0.7672724524438664,
        0.8869234691855761
    ]
}
