{
    "all_pur_diff_n": [
        1.0,
        0.5834453437852877,
        0.2997809302176986,
        0.1599381198496855,
        0.09841438682163607,
        0.06382040124483455
    ],
    "all_R2d_diff_n": [
        -0.0,
        0.1554661163918662,
        0.34760389639329115,
        0.5288828522722927,
        0.6689973913480389,
        0.7939677021540532
    ]
}
