{
    "all_pur_diff_n": [
        1.0,
        0.30220453667676145,
        0.0914665972588261,
        0.027122243631205134,
        0.009613434781384855,
        0.004549285606591453
    ],
    "all_R2d_diff_n": [
        -0.0,
        0.19182253072986746,
        0.3834012454290535,
        0.5782644069351895,
        0.7445258112727874,
        0.8644604748911657
    ]
}
