{
    "all_pur_mean_diff_n": [
        0.8245983467261903,
        1.6124258995535692,
        1.854164691220238,
        1.2862558125000003,
        0.903261023065476,
        0.8062029977678576,
        0.4055140104166665,
        0.3633427209821431,
        0.38346346428571526,
        0.2785094293154766
    ],
    "all_pur_std_diff_n": [
        0.3130269447881988,
        0.19692405384687303,
        0.25916047684219773,
        0.05955638362982328,
        0.05398293435618298,
        0.022800402393718354,
        0.02194722585746616,
        0.032828847427542704,
        0.004266901161833734,
        0.01920520664863511
    ],
    "all_R2d_mean_diff_n": [
        0.1307672970019869,
        -0.22602692225359836,
        -0.29186171157168195,
        -0.12055121213861412,
        0.04979405920231841,
        0.10378998135637285,
        0.4347506976713081,
        0.4887993973333238,
        0.4609760418625201,
        0.6158863505381592
    ],
    "all_R2d_std_diff_n": [
        0.19577428084742451,
        0.06032406673429567,
        0.0710330555129215,
        0.022021873281547352,
        0.028912063250780145,
        0.013741888023166188,
        0.025680896650620337,
        0.042961422500968474,
        0.005344031050659423,
        0.033357214361371575
    ]
}
