{
    "all_pur_mean_diff_n": [
        0.5872938417038692,
        1.6873108121279765,
        1.1285119933035723,
        0.6699157503720237,
        0.40605661811755933,
        0.2503989832589287,
        0.13926933705357156,
        0.09971554315476194,
        0.06771383296130955,
        0.04706015383184525,
        0.04063007198660714,
        0.03395957291666664,
        0.03477011867559524,
        0.03318298753720237,
        0.03372422972470238
    ],
    "all_pur_std_diff_n": [
        0.2109598096159666,
        0.07437851566278811,
        0.07178809779916348,
        0.05063365574655156,
        0.017093439313673877,
        0.007155739079594679,
        0.008672262932156984,
        0.004799350404773628,
        0.003184983058426389,
        0.0004364077631095474,
        0.003647405480246587,
        0.002663567643718983,
        0.0019519421809774333,
        0.0005604310698950523,
        0.0020283949359592283
    ],
    "all_R2d_mean_diff_n": [
        0.1738201384984465,
        -0.15066116424972262,
        -0.03428571470949755,
        0.11642928716212764,
        0.26030104455652253,
        0.3996562608798433,
        0.5693866172188322,
        0.6655349940132903,
        0.7772041187792706,
        0.8818824016552019,
        0.9254120092193526,
        0.9768927904642523,
        0.9696455126617877,
        0.982723639164582,
        0.9785227216786282
    ],
    "all_R2d_std_diff_n": [
        0.11042658775484651,
        0.012842762756645353,
        0.018701650295049076,
        0.022113108206616005,
        0.012001060103232208,
        0.008169884815881448,
        0.018375444067453707,
        0.013674788596982377,
        0.013693020233626655,
        0.0026699737461186603,
        0.025695803712444946,
        0.022586931828312402,
        0.015906810833317228,
        0.004873674506929307,
        0.01701868088672076
    ]
}
