{
    "all_pur_mean_diff_n": [
        0.5533333333333333
    ],
    "all_R2d_mean_diff_n": [
        0.4282251255685157
    ],
    "all_pur_std_diff_n": [
        0.03399346342395193
    ],
    "all_R2d_std_diff_n": [
        0.04368176151594187
    ]
}
