{
    "all_pur_mean_diff_n": [
        0.5066666666666667,
        0.5133333333333333,
        0.536888888888889,
        0.5191666666666667,
        0.5165333333333334,
        0.5171111111111112,
        0.5096190476190477,
        0.5061666666666668,
        0.5075555555555555,
        0.5068666666666667
    ],
    "all_R2d_mean_diff_n": [
        0.32696954654813076,
        0.32073982447402943,
        0.30004869676887036,
        0.3168393203919562,
        0.3190156265260191,
        0.3182611391713891,
        0.3254602785770243,
        0.3286538872251111,
        0.32722205080290356,
        0.32777124322707707
    ],
    "all_pur_std_diff_n": [
        0.0024944382578492965,
        0.008299933065325829,
        0.034086310202336045,
        0.042618136462726275,
        0.038819010234105125,
        0.03550412947639395,
        0.03777940506032382,
        0.0365737458963242,
        0.0348130811231059,
        0.03312474737849167
    ],
    "all_R2d_std_diff_n": [
        0.0023653808107961054,
        0.0077366535872623364,
        0.03000645608668345,
        0.03903723529918191,
        0.03552507886366245,
        0.032514409308391556,
        0.035039809504718036,
        0.03392666725388642,
        0.032342048585144306,
        0.03076013435496829
    ]
}
