{
    "all_pur_mean_diff_n": [
        0.796875,
        0.621875,
        0.47187500000000004,
        0.3989583333333333,
        0.2927083333333333,
        0.26458333333333334,
        0.20729166666666665,
        0.19062499999999996,
        0.1958333333333334,
        0.15625
    ],
    "all_R2d_mean_diff_n": [
        0.054606870493336575,
        0.11448553467764754,
        0.18079773811435237,
        0.22100916515209787,
        0.2954228363397265,
        0.31998253725923836,
        0.37841997283471335,
        0.3985957316636186,
        0.3935423462295682,
        0.44703435245541384
    ],
    "all_pur_std_diff_n": [
        0.007654655446197359,
        0.029425931024636583,
        0.019928256739280167,
        0.00896075548650277,
        0.00294627825494399,
        0.012842529172852037,
        0.003897559777889479,
        0.00441941738241588,
        0.02199865841869053,
        0.011692679333668554
    ],
    "all_R2d_std_diff_n": [
        0.002309836691942183,
        0.01134920055213143,
        0.01001461763944351,
        0.005412589235889875,
        0.0024117681641147824,
        0.011618487012033302,
        0.004505632851491861,
        0.00553030789724114,
        0.026672880994082375,
        0.018307510636785925
    ]
}
