{
    "all_pur_mean_diff_n": [
        1.0,
        0.8026666666666668,
        0.6453333333333332,
        0.518,
        0.4186666666666666,
        0.34533333333333344,
        0.2773333333333334,
        0.248,
        0.2193333333333333,
        0.20266666666666663,
        0.19666666666666663,
        0.17333333333333326,
        0.15733333333333324,
        0.14733333333333323,
        0.12866666666666662,
        0.14333333333333323
    ],
    "all_R2d_mean_diff_n": [
        0.0,
        0.10579073091902742,
        0.21068949024563413,
        0.3163635711276163,
        0.41920468136644895,
        0.5115900119824567,
        0.6169446855603633,
        0.6729121458583857,
        0.7298175622757105,
        0.7687895606632339,
        0.7825726748006622,
        0.8434723446802718,
        0.8900140319559485,
        0.9236380685263041,
        0.9926471714738382,
        0.9357917862493332
    ],
    "all_pur_std_diff_n": [
        0.0,
        0.014817407180595259,
        0.010370899457402705,
        0.0065319726474218145,
        0.018926759422104537,
        0.011813363431112911,
        0.007542472332656513,
        0.02405549140355831,
        0.00659966329107445,
        0.01407914138796193,
        0.008993825042154702,
        0.009285592184789422,
        0.008055363982396388,
        0.015691469727919773,
        0.020286832072937164,
        0.011585431464655188
    ],
    "all_R2d_std_diff_n": [
        0.0,
        0.008857516304953374,
        0.007685402258933799,
        0.006064663807451721,
        0.021892193016062392,
        0.016265557451198006,
        0.012957678369563432,
        0.04847852259646581,
        0.014413048754634903,
        0.0338955046416936,
        0.022358702147389612,
        0.025460695528135076,
        0.02508097768389107,
        0.05068594012988767,
        0.0811248979387874,
        0.0395378984893315
    ]
}
