{
    "all_pur_mean_diff_n": [
        1.0,
        0.7793333333333333,
        0.6066666666666668,
        0.48666666666666664,
        0.40333333333333327,
        0.3286666666666667,
        0.264,
        0.23466666666666666,
        0.17999999999999994,
        0.16999999999999993,
        0.18733333333333327,
        0.1586666666666666,
        0.1546666666666666,
        0.15933333333333324,
        0.1546666666666666,
        0.1393333333333333
    ],
    "all_R2d_mean_diff_n": [
        0.0,
        0.11994059313689819,
        0.2403592880590333,
        0.3464837496742074,
        0.4371751269641868,
        0.5353210255094366,
        0.6405001923490645,
        0.7001344917110547,
        0.8253577593507413,
        0.8561948677428424,
        0.8055188429000069,
        0.88932718454811,
        0.9059288881028987,
        0.8857605304391903,
        0.8978618496846859,
        0.9582377826813252
    ],
    "all_pur_std_diff_n": [
        0.0,
        0.010624918300339493,
        0.005249338582674546,
        0.012256517540566834,
        0.018785337071473843,
        0.009977753031397186,
        0.0032659863237109073,
        0.025837096500101492,
        0.00979795897113272,
        0.02209072203437454,
        0.003399346342395193,
        0.020677416559027783,
        0.029634814361190517,
        0.015860503004493775,
        0.005249338582674546,
        0.029679772386069374
    ],
    "all_R2d_std_diff_n": [
        0.0,
        0.0065611323421649395,
        0.004149896883409959,
        0.012103133791588465,
        0.022453125609223995,
        0.014521871102789888,
        0.0059497827793779014,
        0.05449148949176617,
        0.026220536092400357,
        0.0625313138670012,
        0.008686065721170118,
        0.06190124473290957,
        0.0882072122313056,
        0.04913197289185127,
        0.01615619879135627,
        0.09904007732555588
    ]
}
