{
    "all_pur_mean_diff_n": [
        1.0,
        0.8026666666666668,
        0.6433333333333333,
        0.534,
        0.4133333333333333,
        0.35333333333333344,
        0.2826666666666667,
        0.25,
        0.2113333333333333,
        0.21399999999999997,
        0.16333333333333325,
        0.15066666666666664,
        0.15799999999999992,
        0.1499999999999999,
        0.13999999999999999,
        0.16933333333333325
    ],
    "all_R2d_mean_diff_n": [
        0.0,
        0.10577849478689005,
        0.21246246988518536,
        0.30173859376965634,
        0.4252729294587021,
        0.5006720467342434,
        0.6077467579314565,
        0.6669825496059353,
        0.7485143936745771,
        0.7419690093707524,
        0.8714730370483906,
        0.9148251674506396,
        0.8914706666157501,
        0.9131034636352156,
        0.9502452813363506,
        0.8541412599959982
    ],
    "all_pur_std_diff_n": [
        0.0,
        0.013695092389449437,
        0.024073960113690306,
        0.007118052168020881,
        0.016679994670929087,
        0.013888444437333117,
        0.006798692684790386,
        0.009092121131323912,
        0.013888444437333117,
        0.009933109617167568,
        0.003399346342395193,
        0.020548046676563174,
        0.020461345670963763,
        0.008640987597877155,
        0.019798989873223267,
        0.0037712361663282566
    ],
    "all_R2d_std_diff_n": [
        0.0,
        0.008157560332366476,
        0.018203503909896786,
        0.006382364359904715,
        0.019673523927575553,
        0.018945821213070604,
        0.011496592475219435,
        0.017400563702917995,
        0.0317558043555783,
        0.022702014480890032,
        0.0099558794699368,
        0.06736832023095425,
        0.06347075957019922,
        0.027273860606958418,
        0.06732138134781614,
        0.010797167008529568
    ]
}
