{
    "all_pur_mean_diff_n": [
        0.6340169270833332,
        0.39207031249999996,
        0.23789713541666666,
        0.1486393229166667,
        0.09766276041666673,
        0.06897786458333337,
        0.05063151041666666,
        0.04173828125000001,
        0.03830729166666661,
        0.03379557291666672,
        0.03334635416666661,
        0.031041666666666634,
        0.031217447916666696,
        0.03313151041666673,
        0.03093098958333333
    ],
    "all_R2d_mean_diff_n": [
        0.13148148688628813,
        0.2701655429574059,
        0.41432134650947,
        0.550024286636267,
        0.6712169124548862,
        0.7716602554915543,
        0.8609011576023428,
        0.9168259086134208,
        0.9423055153468985,
        0.9782157671312234,
        0.9816957621251206,
        1.0019935183289042,
        1.0007352616770087,
        0.9833743410784169,
        1.003134368641303
    ],
    "all_pur_std_diff_n": [
        0.0006236421882722801,
        0.001600212210251682,
        0.0011402340107080668,
        0.0005304291810434524,
        0.0006991957146267637,
        0.0019661242755440577,
        0.0015494518117333915,
        0.0019785455097077074,
        0.0032693832001360317,
        0.002507837513937224,
        0.0017994443059213801,
        0.0006482361425987119,
        0.0017194403600909426,
        0.0013738984598876478,
        0.0010646870362894902
    ],
    "all_R2d_std_diff_n": [
        0.0002837529042853259,
        0.001178311316687429,
        0.0013808570643196085,
        0.0010285977413276239,
        0.0020638707000785726,
        0.008144961421675197,
        0.008923352978489965,
        0.013826447411122378,
        0.02475260216536391,
        0.021751872969461298,
        0.01585222290280996,
        0.006066289438627811,
        0.01580693321294248,
        0.011812642016308536,
        0.010052957147274224
    ]
}
