{
    "all_pur_mean_diff_n": [
        1.0,
        0.6341666666666667,
        0.39311848958333334,
        0.23784505208333337,
        0.1485286458333334,
        0.09500651041666663,
        0.0696223958333333,
        0.0527799479166667,
        0.040110677083333345,
        0.037890624999999956,
        0.03333984375000002,
        0.0356575520833334,
        0.033776041666666666,
        0.03380859374999997,
        0.03117838541666666,
        0.027877604166666698
    ],
    "all_R2d_mean_diff_n": [
        0.0,
        0.131413697562824,
        0.2693957604379754,
        0.41438435020872094,
        0.5502416830727894,
        0.6792265968059489,
        0.7688621437205164,
        0.8488203060100057,
        0.9279990987559451,
        0.9447718062855032,
        0.9817178153474666,
        0.9623216271975604,
        0.977682149035803,
        0.9775720105092173,
        1.001176998272834,
        1.0335855646959213
    ],
    "all_pur_std_diff_n": [
        0.0,
        0.0011660372534868096,
        0.0017869641002352917,
        0.0011096011604370163,
        0.0008122641718384145,
        0.0019569190579672843,
        0.00020066451832581063,
        0.0009520802704409618,
        0.0005309084124445991,
        0.001935532750431969,
        0.0017475830826771965,
        0.0018594962685127834,
        0.0009312854643461628,
        0.0015000542524911194,
        0.0018874595070735296,
        0.0018751582326172773
    ],
    "all_R2d_std_diff_n": [
        0.0,
        0.0005308766364522185,
        0.0013130494842598798,
        0.001344141783007428,
        0.0015751391170023136,
        0.005901289149969629,
        0.0008313396893776115,
        0.005213922875331662,
        0.00380204054131486,
        0.01451120900634832,
        0.01511455438306875,
        0.015034919848933799,
        0.008025318837581188,
        0.012623849334601455,
        0.01712396825645401,
        0.019022765974111962
    ]
}
