{
    "all_pur_mean_diff_n": [
        1.0,
        0.6657291666666666,
        0.43307942708333336,
        0.27587890625,
        0.17634765625,
        0.11679687499999998,
        0.08233072916666669,
        0.05824218750000002,
        0.05029296875,
        0.041516927083333245,
        0.03634765625000003,
        0.03460937499999998,
        0.03262369791666667,
        0.030794270833333304,
        0.033268229166666684,
        0.03330078125000006
    ],
    "all_R2d_mean_diff_n": [
        0.0,
        0.11739876137813184,
        0.24145987378083353,
        0.3715851459576962,
        0.5007150979108069,
        0.619593134532286,
        0.7205305575969092,
        0.820490746220171,
        0.862711882677827,
        0.9184948604131028,
        0.9570182485395508,
        0.9710112032541446,
        0.9885821657889647,
        1.0044514009959788,
        0.9830506163839984,
        0.9821394229401389
    ],
    "all_pur_std_diff_n": [
        0.0,
        0.0008178804058601182,
        0.0008705963250292271,
        0.0018603622422867477,
        0.001731795308410941,
        0.0008621817328700746,
        0.00146370036394934,
        0.0017665437091768752,
        0.00045749286694695855,
        0.0023737411285836402,
        0.002355601545800584,
        0.0019531901030816904,
        0.0027533906013499144,
        0.0011710428179477902,
        0.002853672402458884,
        0.0019429422055384415
    ],
    "all_R2d_std_diff_n": [
        0.0,
        0.0003544070599872679,
        0.0005799641814624336,
        0.00194506340301556,
        0.0028405774567215906,
        0.0021276895973407948,
        0.00512309372983154,
        0.008736485833893201,
        0.0026329757701278457,
        0.0162842061056919,
        0.019010726666494757,
        0.016627372775203687,
        0.023763735042579226,
        0.011126338900727442,
        0.02555842207615904,
        0.016530356809547272
    ]
}
