{
    "all_pur_mean_diff_n": [
        1.0,
        0.6623502604166666,
        0.43121744791666666,
        0.27412109375000004,
        0.17753906249999996,
        0.11636067708333335,
        0.0833723958333333,
        0.062187499999999986,
        0.048977864583333273,
        0.04165364583333334,
        0.037421875000000014,
        0.03531250000000008,
        0.03199869791666665,
        0.031256510416666584,
        0.03152343749999997,
        0.033776041666666666
    ],
    "all_R2d_mean_diff_n": [
        0.0,
        0.1188672873322203,
        0.24270273017314267,
        0.3734246713719227,
        0.4987808771495956,
        0.6206820428910198,
        0.7168906833264872,
        0.8014679852401451,
        0.8703456044792697,
        0.9172361525935072,
        0.9488675618117298,
        0.964806115966773,
        0.9939029631882272,
        1.0000917367032354,
        0.998241452857577,
        0.9776454375698741
    ],
    "all_pur_std_diff_n": [
        0.0,
        0.0012763073702961485,
        0.0005349645464627996,
        0.0009465438347587142,
        0.002220958774404532,
        0.0012714162021427928,
        0.0012643959975016936,
        0.0007599639241540927,
        7.53635215025743e-05,
        0.0013486780295164178,
        0.0029548829781758314,
        0.0007814127434660023,
        0.0022878719469826055,
        0.0010092615820352258,
        0.0022393751417283023,
        0.0007668486006106989
    ],
    "all_R2d_std_diff_n": [
        0.0,
        0.0005560304689062118,
        0.00035780471552494125,
        0.000997166295901481,
        0.0036068869773548885,
        0.003141591606886696,
        0.0043978463933615364,
        0.0035415317388974438,
        0.00044378928242830073,
        0.00944490284215484,
        0.022267438429786256,
        0.006386695602201916,
        0.020563847595991384,
        0.009382770966204618,
        0.02106329277490491,
        0.006543429937326894
    ]
}
