{
    "all_pur_diff_n": [
        1.0,
        0.2754290721751519,
        0.07637437324154162,
        0.02168990875923449,
        0.006666949383057785,
        0.0025398300895832504
    ],
    "all_R2d_diff_n": [
        -0.0,
        0.18602472475811913,
        0.37107675541236185,
        0.5526832205592421,
        0.7228757510762793,
        0.862105229833977
    ]
}
