{
    "all_pur_diff_n": [
        1.0,
        0.23920244735507812,
        0.05750057238202211,
        0.014104571364478069,
        0.003740270475486418,
        0.0012649563820489318
    ],
    "all_R2d_diff_n": [
        -0.0,
        0.18760872223740857,
        0.3745708975022509,
        0.5588812151310617,
        0.7329674257384627,
        0.8751542405074292
    ]
}
