{
    "all_pur_diff_n": [
        1.0,
        0.20782295763261216,
        0.043343628231121034,
        0.009192866023324586,
        0.002102160074939907,
        0.0006299202888838673
    ],
    "all_R2d_diff_n": [
        -0.0,
        0.18888108843953044,
        0.37733635545138333,
        0.5637724641431114,
        0.7411593127561816,
        0.8860452583595176
    ]
}
