{
    "all_pur_diff_n": [
        1.0,
        0.18060445860367424,
        0.03269993958646911,
        0.006002519792809302,
        0.0011835174501156898,
        0.0003136662151134173
    ],
    "all_R2d_diff_n": [
        -0.0,
        0.18993035274196135,
        0.37958217072656225,
        0.5677089253101354,
        0.7479002543791863,
        0.8952678641704742
    ]
}
