{
    "all_pur_diff_n": [
        1.0,
        0.15697446358183287,
        0.024684362065125698,
        0.0039250016385636854,
        0.0006673803926875443,
        0.00015618467357458865
    ],
    "all_R2d_diff_n": [
        -0.0,
        0.19081415804199178,
        0.3814470591978522,
        0.5709350734555912,
        0.753514505577687,
        0.9031756779288733
    ]
}
