{
    "all_pur_diff_n": [
        1.0,
        0.13644866210300288,
        0.018640995680454853,
        0.00256940195016786,
        0.0003768780434049157,
        7.776887213029049e-05
    ],
    "all_R2d_diff_n": [
        -0.0,
        0.19157132306798175,
        0.3830251512240908,
        0.5736234457018407,
        0.7582409754858734,
        0.9100298439119693
    ]
}
