{
    "all_pur_diff_n": [
        1.0,
        0.11861330587978702,
        0.014080970188519504,
        0.001683450146559906,
        0.00021310604514479525,
        3.8723445298316506e-05
    ],
    "all_R2d_diff_n": [
        -0.0,
        0.19222888977201438,
        0.3843818406059665,
        0.5758977054136528,
        0.7622588038219339,
        0.9160270723001132
    ]
}
