{
    "all_pur_diff_n": [
        1.0,
        0.10311260496960628,
        0.010638346488802908,
        0.0011037175833709112,
        0.0001206424026904962,
        1.9281686877037352e-05
    ],
    "all_R2d_diff_n": [
        -0.0,
        0.1928063170339007,
        0.38556366227365557,
        0.5778478363940814,
        0.76570443018305,
        0.9213181883397453
    ]
}
