{
    "all_pur_diff_n": [
        1.0,
        0.881484379876375,
        0.7816966960371331,
        0.6976775445057685,
        0.6269351687690713,
        0.5673715617383117
    ],
    "all_R2d_diff_n": [
        -0.0,
        0.09099654501613383,
        0.17765957743905952,
        0.2596838475865679,
        0.3368059164652993,
        0.40881712720214247
    ]
}
