{
    "all_pur_diff_n": [
        1.0,
        0.7654838371997735,
        0.5938223379590241,
        0.46816929140681696,
        0.376193582364989,
        0.30886906230066913
    ],
    "all_R2d_diff_n": [
        -0.0,
        0.12851872620319862,
        0.25063224344416185,
        0.3649659293071765,
        0.4701509524404172,
        0.5649775744794728
    ]
}
