{
    "all_pur_diff_n": [
        1.0,
        0.6590820341172692,
        0.4421374649935984,
        0.30408388383253804,
        0.21623291181521664,
        0.16032857945759216
    ],
    "all_R2d_diff_n": [
        -0.0,
        0.15036751255444186,
        0.29435827677495385,
        0.429364684502236,
        0.5523354922842617,
        0.660224119521753
    ]
}
