{
    "all_pur_diff_n": [
        1.0,
        0.5671816212658466,
        0.3277379511459497,
        0.19527298667709725,
        0.12199075372874646,
        0.08144957601107816
    ],
    "all_R2d_diff_n": [
        -0.0,
        0.16362346201706626,
        0.3218770704496293,
        0.47128714176180314,
        0.6070312583628008,
        0.7235898002018569
    ]
}
