{
    "all_pur_diff_n": [
        1.0,
        0.48905635192193775,
        0.24331997902997704,
        0.12513402018844377,
        0.06829294003856423,
        0.040955442215010573
    ],
    "all_R2d_diff_n": [
        -0.0,
        0.17198789740075848,
        0.33984555165007563,
        0.4997423377547722,
        0.6453532909878429,
        0.76830016964763
    ]
}
