{
    "all_pur_diff_n": [
        1.0,
        0.42266046409162306,
        0.18126644223467303,
        0.08033610546743442,
        0.038135669841133146,
        0.020491056496023785
    ],
    "all_R2d_diff_n": [
        -0.0,
        0.17748984667856352,
        0.35197374721333075,
        0.5196868093779423,
        0.6732450213294949,
        0.8012659742514769
    ]
}
