{
    "all_pur_diff_n": [
        1.0,
        0.36597763179321874,
        0.13551603624115527,
        0.051745258287970164,
        0.021295311857322807,
        0.010227022171061861
    ],
    "all_R2d_diff_n": [
        -0.0,
        0.18127157748002473,
        0.3604330640512804,
        0.5340536904312243,
        0.694165041538881,
        0.8264337571068924
    ]
}
