{
    "all_pur_diff_n": [
        1.0,
        0.31734005812801114,
        0.10161669800391593,
        0.033447225549420256,
        0.011905390803053528,
        0.005098082083603628
    ],
    "all_R2d_diff_n": [
        -0.0,
        0.1839887166013397,
        0.36653228941177196,
        0.5446632939597138,
        0.7102490234313636,
        0.8462032980507153
    ]
}
