{
    "all_pur_mean_diff_n": [
        3.5714417648809555,
        5.053276503348211,
        5.182940920882935,
        5.078402512648807,
        5.120021249702377,
        5.0143391826636865,
        4.932092176020404,
        4.8216473578869,
        4.71353905257936,
        4.630372430431544
    ],
    "all_R2d_mean_diff_n": [
        -0.6108275830043494,
        -0.7562561816401868,
        -0.7705637552026491,
        -0.7654059923307851,
        -0.7722769463018945,
        -0.7637916872232642,
        -0.7569743220174009,
        -0.7463022466540631,
        -0.7351948731855708,
        -0.7268633667976903
    ],
    "all_pur_std_diff_n": [
        0.2669684591247718,
        1.525660102874186,
        1.5024073241248406,
        1.3215293242197719,
        1.1947999601440717,
        1.1187621055813082,
        1.058686376711779,
        1.0360118634272155,
        1.0293114529072345,
        1.009021135780575
    ],
    "all_R2d_std_diff_n": [
        0.03590181535052496,
        0.14930757609634476,
        0.1418515383409172,
        0.12401543251294564,
        0.11263653881481733,
        0.10489098596800187,
        0.09897550352276015,
        0.09733769542455892,
        0.09798919512242223,
        0.09644693660251936
    ]
}
