{
    "all_pur_mean_diff_n": [
        3.5433370535714386,
        5.020250186011902,
        5.212980778769842,
        5.096984654017859,
        5.1365071874999995,
        5.028659895833332,
        4.979765295493197,
        4.86594880952381,
        4.749767311507937,
        4.662272886904764
    ],
    "all_R2d_mean_diff_n": [
        -0.6069478524429036,
        -0.7528701265387464,
        -0.7726203134293078,
        -0.7667552115517452,
        -0.7733223602684636,
        -0.7646942001915191,
        -0.7615475053666825,
        -0.7507136348282043,
        -0.7387005443586164,
        -0.7298761026039142
    ],
    "all_pur_std_diff_n": [
        0.27401703203158484,
        1.523425415326998,
        1.5375244096514915,
        1.3470209887105034,
        1.225774998954741,
        1.1485239962164244,
        1.0710251760559626,
        1.0463034849342852,
        1.0460001281210736,
        1.0291647640550134
    ],
    "all_R2d_std_diff_n": [
        0.03687196118526308,
        0.15006345988577302,
        0.14437938794824967,
        0.12549391287566403,
        0.11462956859085435,
        0.10687041293787938,
        0.09935234716858173,
        0.09728184381299033,
        0.09888928098769349,
        0.09793819246881297
    ]
}
