{
    "all_pur_mean_diff_n": [
        0.8249515476190474,
        1.2044780550595233,
        1.473512524553569,
        1.403897131882438,
        1.2973383291666645,
        1.1789948691716252,
        1.0790560407100327,
        1.0015226969866062,
        0.9261152626488086,
        0.858667861309523
    ],
    "all_R2d_mean_diff_n": [
        0.1302723509015075,
        -0.043812859164155116,
        -0.14050791734698329,
        -0.126304845413421,
        -0.08708274856098117,
        -0.029561793322058074,
        0.02593136730583555,
        0.06979513928692284,
        0.12255052737053367,
        0.17667468771876352
    ],
    "all_pur_std_diff_n": [
        0.31190661709240314,
        0.4580132618446007,
        0.5446398690571151,
        0.48976685058435604,
        0.4892962561909652,
        0.5196569960572152,
        0.5405145190828728,
        0.5458435266724345,
        0.557112821725893,
        0.5659387318638874
    ],
    "all_R2d_std_diff_n": [
        0.19504616041431522,
        0.22564494120817125,
        0.2310062683438768,
        0.20277156678447517,
        0.19930192856106171,
        0.2235492072926278,
        0.24905756208416457,
        0.26077756166229515,
        0.28776948656957246,
        0.31768123554843825
    ]
}
