{
    "all_pur_mean_diff_n": [
        1.81376,
        1.38492,
        1.5604066666666667,
        1.4639,
        1.300912,
        1.1667616666666667,
        1.0881357142857142,
        1.0147487499999999,
        0.9271622222222221,
        0.856405
    ],
    "all_R2d_mean_diff_n": [
        -0.2513491362860228,
        -0.10704450221866352,
        -0.1686957899193454,
        -0.12908189316867905,
        -0.0574001631702705,
        0.009389829586148205,
        0.05336725934594898,
        0.08888044040830319,
        0.16011474509194923,
        0.22115118363313355
    ],
    "all_pur_std_diff_n": [
        0.7281273888544503,
        0.693302257604863,
        0.6965326751049722,
        0.7043181132130566,
        0.714627823007193,
        0.7187460843816047,
        0.7028384588399312,
        0.6860035740329182,
        0.6928856265691855,
        0.6914176785742465
    ],
    "all_R2d_std_diff_n": [
        0.1776639899646659,
        0.2094787916800845,
        0.20731034584920163,
        0.2283214145159849,
        0.25757537755593335,
        0.28032907870077006,
        0.30402344659444946,
        0.30053974222644286,
        0.34998644607571494,
        0.38407110963966223
    ]
}
