{
    "all_pur_mean_diff_n": [
        0.939980793154762,
        0.7092212008928577,
        0.5564451056547622,
        0.43767392485119155,
        0.39502405059523826,
        0.34615098958333346,
        0.25945065997023814,
        0.21743668080357162,
        0.18496428645833332,
        0.17631568303571435
    ],
    "all_R2d_mean_diff_n": [
        0.030668307882698337,
        0.1677513577581877,
        0.28249472134658776,
        0.397494668270157,
        0.4466948405162914,
        0.5125678392280596,
        0.6490363753408518,
        0.7340686286876016,
        0.8116170904792143,
        0.8347830453577817
    ],
    "all_pur_std_diff_n": [
        0.05765256584893373,
        0.07368420552901694,
        0.027940444966090834,
        0.010404844486280164,
        0.004590894885675703,
        0.03441986369385455,
        0.0077089129711607005,
        0.007611837146391882,
        0.00283309717108609,
        0.004982833579337821
    ],
    "all_R2d_std_diff_n": [
        0.029450538362323607,
        0.048866568085659604,
        0.023913933941492875,
        0.011530241558748624,
        0.005566907463531183,
        0.048042540071190354,
        0.014362702446912722,
        0.01667868222158912,
        0.007388020054016348,
        0.013691519141619037
    ]
}
