{
    "all_pur_mean_diff_n": [
        0.6225999999999999,
        1.19841,
        1.0879800000000002,
        1.2504899999999999,
        0.6066699999999999,
        0.5656500000000001,
        0.7363900000000001,
        0.49006999999999995,
        0.19133,
        0.19525000000000003
    ],
    "all_R2d_mean_diff_n": [
        0.2527503223353705,
        -0.03510511315228143,
        0.01732242607602469,
        -0.06568318180056786,
        0.24051743640898393,
        0.32416380847317905,
        0.17663413783917106,
        0.351771288997674,
        0.8100145299608124,
        0.7948808110439632
    ],
    "all_pur_std_diff_n": [
        0.18819654194485086,
        0.5630416838920543,
        0.5384300340805666,
        0.4575254775419615,
        0.01663961538017039,
        0.256283092302243,
        0.2375530576523906,
        0.09697338707088657,
        0.04838625217972562,
        0.03657674944551524
    ],
    "all_R2d_std_diff_n": [
        0.1594265299561054,
        0.22166076532762888,
        0.23416913933587402,
        0.2130465743196976,
        0.01307143948938038,
        0.22030913208759859,
        0.1751363623203803,
        0.09025661816036139,
        0.11760774865802089,
        0.09714322302036135
    ]
}
