{
    "all_pur_mean_diff_n": [
        0.3003374352678568,
        0.22983901636904788,
        0.1802321748511907,
        0.1587160349702386,
        0.15062908407738096,
        0.14317449627976217,
        0.13698539136904767,
        0.1331558065476191,
        0.1304153921130953,
        0.12915834449404764
    ],
    "all_R2d_mean_diff_n": [
        0.5786991448278679,
        0.7090525575091046,
        0.8250154007825913,
        0.8851976625727288,
        0.9104382188335212,
        0.9347635680631513,
        0.9559925880059766,
        0.9696082114645095,
        0.9796131534598033,
        0.9842634336757139
    ],
    "all_pur_std_diff_n": [
        0.009637044306634781,
        0.02091390569439373,
        0.011660890273916162,
        0.00198077696144921,
        0.0035046997387091633,
        0.0019801784021679612,
        0.0013677491121680888,
        0.000540423969840301,
        0.0007756260155603875,
        0.0002659062445555715
    ],
    "all_R2d_std_diff_n": [
        0.015600498458096749,
        0.04309645371202543,
        0.030764697827236873,
        0.006018920551756925,
        0.011111747056239522,
        0.006620464539404811,
        0.0047917143991040665,
        0.0019516629431732496,
        0.0028602909662786146,
        0.00099076816550861
    ]
}
