{
    "all_pur_mean_diff_n": [
        0.6371700000000001,
        0.6424200000000001,
        0.30899000000000004,
        0.35925,
        0.33718999999999993,
        0.23299999999999996,
        0.20432999999999998,
        0.16791,
        0.22395,
        0.15503
    ],
    "all_R2d_mean_diff_n": [
        0.28691526764446434,
        0.2538017174998178,
        0.5871660386677244,
        0.5091925661217069,
        0.5349676793140081,
        0.7261617450762051,
        0.7651763695325111,
        0.8582905545860914,
        0.7428970316222693,
        0.8983548378393409
    ],
    "all_pur_std_diff_n": [
        0.35951506699997987,
        0.2307279142193246,
        0.09879494217823097,
        0.08797989656734086,
        0.07855511313721085,
        0.07944349312561724,
        0.01595032288074446,
        0.004975439679063535,
        0.06971458814337213,
        0.013730193006655074
    ],
    "all_R2d_std_diff_n": [
        0.251415297470264,
        0.21163174707507768,
        0.142726376110487,
        0.13218911192006763,
        0.10618880578939051,
        0.15302990068421868,
        0.03821637405198727,
        0.01422202391223002,
        0.14971342077990527,
        0.042736212226065204
    ]
}
