{
    "all_pur_mean_diff_n": [
        0.25217,
        0.24099000000000004,
        0.17215,
        0.15837,
        0.16832000000000003,
        0.14459,
        0.13087000000000001,
        0.11482999999999999,
        0.13223,
        0.12377
    ],
    "all_R2d_mean_diff_n": [
        0.6629374408006069,
        0.6890299750498431,
        0.8473286221004787,
        0.8889141457904953,
        0.8574516135526542,
        0.9305941863316657,
        0.9786273120224482,
        1.0570265368876066,
        0.9735175398084381,
        1.006605031035198
    ],
    "all_pur_std_diff_n": [
        0.010685251517863262,
        0.033196056994769726,
        0.012551629376300133,
        0.01712097543950111,
        0.008072323085704627,
        0.007304779257445083,
        0.007082428961874596,
        0.027572083707982597,
        0.006304855271931312,
        0.010843661743156686
    ],
    "all_R2d_std_diff_n": [
        0.020207784966748354,
        0.06785584948331902,
        0.03429390505320779,
        0.05049614267866096,
        0.0227929683976764,
        0.02410759878326176,
        0.025798726432386215,
        0.12954760323670927,
        0.023284613304813698,
        0.04219939180399238
    ]
}
