{
    "all_pur_mean_diff_n": [
        0.7050266227678564,
        2.132537740327378,
        1.4715565461309523,
        1.1464558988095253,
        0.9406345089285705,
        0.7722389791666663,
        0.6137659642857134,
        0.48167780357142886,
        0.38800827752976225,
        0.30946931175595344
    ],
    "all_R2d_mean_diff_n": [
        0.17484479231799166,
        -0.35935159319632975,
        -0.1854007506766224,
        -0.06416446147401107,
        0.03038986249019693,
        0.13270930333362227,
        0.23483306742367557,
        0.3528722024444033,
        0.4554325381684701,
        0.5642547823459098
    ],
    "all_pur_std_diff_n": [
        0.11417795645381448,
        0.30522892545642827,
        0.05850429053223143,
        0.09164161211579835,
        0.05998036679107829,
        0.14726854126048997,
        0.011595583118587056,
        0.03849376995941347,
        0.009814815560254628,
        0.009102318653720421
    ],
    "all_R2d_std_diff_n": [
        0.08201295488749868,
        0.06790696874436514,
        0.019126090031602358,
        0.03892840960767959,
        0.030211731330879354,
        0.08905702408915314,
        0.009145627930836482,
        0.039360354133157534,
        0.012073049310821869,
        0.014289372102207187
    ]
}
