{
    "all_pur_mean_diff_n": [
        0.8250955394345242,
        1.2176308802083338,
        1.4880803824404758,
        1.4095802345610113,
        1.310024859523809,
        1.193300353174603,
        1.0889771407312925,
        1.009814470889137,
        0.9315960473710319,
        0.8650795166666668
    ],
    "all_R2d_mean_diff_n": [
        0.1304438965487488,
        -0.04730580518929526,
        -0.1441050120288311,
        -0.12721103356578725,
        -0.0925271836061497,
        -0.036904971296109146,
        0.022031086386420366,
        0.06668572710045147,
        0.12276636143108076,
        0.17418153146582435
    ],
    "all_pur_std_diff_n": [
        0.312952198071865,
        0.4726561876267102,
        0.5564109971315002,
        0.501588943747481,
        0.49205859474883346,
        0.5203278238862603,
        0.5459767118257619,
        0.5521187677488774,
        0.565668135145108,
        0.5725619048968128
    ],
    "all_R2d_std_diff_n": [
        0.19572602757252552,
        0.2296477951233697,
        0.23392434172033882,
        0.20507065352810822,
        0.19699985584716392,
        0.21983158010390644,
        0.25095755938896197,
        0.26310016573831996,
        0.2947488309749831,
        0.3194761689517832
    ]
}
