{
    "all_pur_mean_diff_n": [
        0.8199019345238093,
        1.20340186011905,
        1.4405913194444464
    ],
    "all_R2d_mean_diff_n": [
        0.1334962150605898,
        -0.042090880674043284,
        -0.13203941006470332
    ],
    "all_pur_std_diff_n": [
        0.30953523812279066,
        0.46598316728920736,
        0.5097375750619939
    ],
    "all_R2d_std_diff_n": [
        0.19622906433481907,
        0.228550801843201,
        0.2262013184999252
    ]
}
